{"cameraMode":{"drawMode":0,"name":"Shaded","section":"Shading Mode"},"sceneLighting":false,"audioPlay":false,"sceneViewState":{"m_AlwaysRefresh":false,"showFog":true,"showSkybox":false,"showFlares":true,"showImageEffects":true,"showParticleSystems":true,"showVisualEffectGraphs":true,"m_FxEnabled":true},"in2DMode":false,"pivot":{"x":-4.607953071594238,"y":53.14451599121094,"z":-0.9427852630615234},"rotation":{"x":0.009258941747248173,"y":-0.10363073647022248,"z":0.0009608915424905717,"w":0.9946081638336182},"size":23.3531436920166,"orthographic":false}